,rarity,days_since_release,constellation_0_pull,constellation_1_pull,constellation_2_pull,constellation_3_pull,constellation_4_pull,constellation_5_pull,constellation_6_pull,constellation_7_pull,lvl_90_HP,lvl_90_ATK,lvl_90_DEF,duplicate_rate,c6_rate,avg_copies_per_player,num_banners,months_since_release,pulled_count
rarity,1.0,-0.126,-0.451,-0.702,-0.717,-0.73,-0.735,-0.739,-0.727,-0.733,0.526,0.616,0.315,-0.956,-0.139,-0.894,-0.516,-0.126,-0.684
days_since_release,-0.126,1.0,0.752,0.51,0.48,0.47,0.461,0.45,0.427,0.428,-0.069,-0.189,0.086,-0.014,-0.499,-0.053,0.689,1.0,0.565
constellation_0_pull,-0.451,0.752,1.0,0.838,0.817,0.805,0.793,0.778,0.751,0.737,-0.238,-0.345,0.017,0.336,-0.309,0.26,0.757,0.752,0.888
constellation_1_pull,-0.702,0.51,0.838,1.0,0.997,0.993,0.985,0.976,0.952,0.935,-0.391,-0.485,-0.115,0.659,-0.02,0.536,0.886,0.51,0.99
constellation_2_pull,-0.717,0.48,0.817,0.997,1.0,0.998,0.993,0.986,0.966,0.949,-0.409,-0.484,-0.125,0.681,0.011,0.566,0.875,0.48,0.989
constellation_3_pull,-0.73,0.47,0.805,0.993,0.998,1.0,0.998,0.994,0.974,0.962,-0.414,-0.493,-0.132,0.693,0.017,0.591,0.865,0.47,0.987
constellation_4_pull,-0.735,0.461,0.793,0.985,0.993,0.998,1.0,0.998,0.981,0.972,-0.416,-0.5,-0.136,0.7,0.028,0.607,0.856,0.461,0.983
constellation_5_pull,-0.739,0.45,0.778,0.976,0.986,0.994,0.998,1.0,0.984,0.98,-0.411,-0.501,-0.137,0.709,0.039,0.63,0.847,0.45,0.977
constellation_6_pull,-0.727,0.427,0.751,0.952,0.966,0.974,0.981,0.984,1.0,0.971,-0.41,-0.503,-0.155,0.718,0.12,0.628,0.825,0.427,0.956
constellation_7_pull,-0.733,0.428,0.737,0.935,0.949,0.962,0.972,0.98,0.971,1.0,-0.393,-0.511,-0.149,0.71,0.057,0.656,0.81,0.428,0.946
lvl_90_HP,0.526,-0.069,-0.238,-0.391,-0.409,-0.414,-0.416,-0.411,-0.41,-0.393,1.0,0.14,0.396,-0.492,-0.102,-0.455,-0.298,-0.069,-0.379
lvl_90_ATK,0.616,-0.189,-0.345,-0.485,-0.484,-0.493,-0.5,-0.501,-0.503,-0.511,0.14,1.0,0.307,-0.569,0.047,-0.548,-0.401,-0.189,-0.477
lvl_90_DEF,0.315,0.086,0.017,-0.115,-0.125,-0.132,-0.136,-0.137,-0.155,-0.149,0.396,0.307,1.0,-0.3,-0.034,-0.307,-0.064,0.086,-0.098
duplicate_rate,-0.956,-0.014,0.336,0.659,0.681,0.693,0.7,0.709,0.718,0.71,-0.492,-0.569,-0.3,1.0,0.351,0.927,0.472,-0.014,0.627
c6_rate,-0.139,-0.499,-0.309,-0.02,0.011,0.017,0.028,0.039,0.12,0.057,-0.102,0.047,-0.034,0.351,1.0,0.28,-0.12,-0.499,-0.065
avg_copies_per_player,-0.894,-0.053,0.26,0.536,0.566,0.591,0.607,0.63,0.628,0.656,-0.455,-0.548,-0.307,0.927,0.28,1.0,0.334,-0.053,0.529
num_banners,-0.516,0.689,0.757,0.886,0.875,0.865,0.856,0.847,0.825,0.81,-0.298,-0.401,-0.064,0.472,-0.12,0.334,1.0,0.689,0.873
months_since_release,-0.126,1.0,0.752,0.51,0.48,0.47,0.461,0.45,0.427,0.428,-0.069,-0.189,0.086,-0.014,-0.499,-0.053,0.689,1.0,0.565
pulled_count,-0.684,0.565,0.888,0.99,0.989,0.987,0.983,0.977,0.956,0.946,-0.379,-0.477,-0.098,0.627,-0.065,0.529,0.873,0.565,1.0
